msugaya,39259658,ã™ãŒã‚„ã¿ã¤ã‚‹ï¼ˆã‚²ãƒ¼ãƒ ã‚»ãƒ³ã‚¿ãƒ¼ã‚ã‚‰ã—ã¨å­¦ã¶ãƒ—ãƒ­ã‚°ãƒ©ãƒŸãƒ³ã‚°å…¥é–€ã¾ã‚“ãŒç‰ˆã€ã“ã‚“ã«ã¡ã¯Pythonã€ç™ºå£²ä¸­ï¼‰
ThePSF,63873759,Python Software Foundation
montypython,2201496073,Monty Python
uuyr112,761139811369353216,ã¾ã«ã‚ƒpy@Pythonã‚³ãƒ¼ã‚¹è¬›å¸«
ats,3524301,æŸ´ç”° æ·³-ã¿ã‚“ãªã®Python å››ç‰ˆ15åˆ·(æ—¥/ä¸­/éŸ“)/ã¿ã‚“ãªã®ãƒ–ãƒ­ãƒƒã‚¯ãƒã‚§ãƒ¼ãƒ³
developer_quant,1160863626619547648,ğŸQDãã‚“ğŸPython/æ©Ÿæ¢°å­¦ç¿’/ãƒ‡ãƒ¼ã‚¿ã‚µã‚¤ã‚¨ãƒ³ã‚¹/ãƒ—ãƒ­ã‚°ãƒ©ãƒŸãƒ³ã‚°
beikoku_kabu,1107677856111329280,ã²ã£ãºã‚“ï¼ˆç±³å›½æ ªãƒ–ãƒ­ã‚°ï¼Pythonï¼‰
t_kun_kamakiri,977032940038242304,ã‚«ãƒã‚­ãƒªğŸ²Pythoné ‘å¼µã‚‹æ˜†è™«
hirokaneko226,851652651003420672,é‡‘å­å¼˜æ˜Œï¼ ã€ŒPythonã§å­¦ã¶å®Ÿé¨“è¨ˆç”»æ³•å…¥é–€ ãƒ™ã‚¤ã‚ºæœ€é©åŒ–ã«ã‚ˆã‚‹ãƒ‡ãƒ¼ã‚¿è§£æã€
PythonNewQiita,1086899104112726017,Pythonã€Qiitaæ–°ç€ã€‘
namuyan_mine,4844938058,namuyang.inc (Python+Rust)
makio_30s,1225950453260668928,ã¾ããŠ@ECé‹å–¶ã¨Pythonã¨ç§
python_octopus,2387814306,ãŸã“ã±ã„ãã‚“
KanonPython,113207780,K[PureLine]ğŸ
0xxiorixx0,99920792,å½©@PythonéŠã³ä¸­
k_can_python,1083496779872489472,ã‘ã„Â©ï¸: AgileğŸ’
python_japan,752545556,python_japan
just_python,1260025294406037506,Just Python
python_lady,1078503659409858562,ã¡ã•ã¨(å¿«ä¾¿ã¡ã‚ƒã‚“)
hathle,965863358,ã¯ã‚‹@Pythonã€Djangoãƒ—ãƒ­ã‚°ãƒ©ãƒŸãƒ³ã‚°è¬›å¸«
start_python,1187839882451832832,ãµãŸã‚Šæš®ã‚‰ã—
python_ecomic,489289987,ã±ã„ãã‚“
anacondainc,398087684,Anaconda
qiita_python,2506489002,Qiita_Python
Japaneseboth,781424487958851584,"kind Japanese word with Python , Ruby"
yossan_yoshiwo,1183258998591541248,ã‚ˆã—ã‚’@Pythonâœ•blender
SciPyTip,254791849,Scientific Python
love_python_m,970403286204391424,ã¾ã‚‹
lagrasse_0807,918447144150765568,ç‘›âœ¨æœæ´»/python/ã‚¨ãƒ³ã‚¸ãƒ‹ã‚¢
oumed_python,1039133052528521216,é˜ªåŒ»pythonä¼š
mizzsugar0425,959406199782309889,ã¿ãšã@ã‚³ãƒ¼ãƒ’ãƒ¼é§†å‹•Python
piano_lullaby,65231072,ä¸­è¥¿ å´‡æ–‡@Pythonãƒãƒ³ã‚ºã‚ªãƒ³ã«ã‚ˆã‚‹ã¯ã˜ã‚ã¦ã®ç·šå½¢ä»£æ•°ç™ºå£²ä¸­
benao_python,917966771625365506,ãƒ™ãƒŠã‚ª@Takahiro Matsuda
R6SaTuKi,3227162227,SaTuKi / Python Serenity ğŸ
96wver,2835197299,ã‚¯ãƒ­ã‚¦ãƒãƒ¼ã‚¨ãƒ³ã‚¸ãƒ‹ã‚¢ç¤¾é•·ğŸ’»ğŸ˜ºæœ€æ–°æŠ€è¡“æ¼«ç”»*AWS/Python
fukutaro_29,880692098420310020,ç¦å¤ªéƒï£¿Pythonã‚¨ãƒ³ã‚¸ãƒ‹ã‚¢
3PySci_Nori,1364192130936107008,ã®ã‚Š@3PySci Python&Django&Arduinoå‹‰å¼·ä¸­ğŸ‘
hironyaPresiden,1092384420521115648,ãƒ’ãƒ­ã«ã‚ƒã‚“@Python
masuipeo,391143596,å¢—äº•æ•å…‹@Rã¨Pythonã§å­¦ã¶çµ±è¨ˆå­¦å…¥é–€ã€ãƒ—ãƒ­ã‚°ãƒ©ãƒã‚’è‚²ã¦ã‚‹è„³ãƒˆãƒ¬ãƒ‘ã‚ºãƒ«ã€Excelã§å­¦ã³ç›´ã™æ•°å­¦
europython,15324940,EuroPython
NanamiYurika_ch,968151702216962048,ä¸ƒæµ·æœ‰é‡Œä½³â˜†ãƒ—ãƒ­ã‚°ãƒ©ãƒVtuberï¼ï¼ ã‚†ã‚‹PythonğŸæŠ•ç¨¿ä¸­ï¼
europythons,2300068776,EuroPython Society
python77cbr11,960727938529337344,ã‚‚ã‚‚ æ”¹ã‚ã¦ ã¿ãƒ¼ã
65Python,906157183238266881,Pythonï¼ IMFã‚‚èªã‚ãŸï¼æ—¥æœ¬ã®è²¡æ”¿å†å»ºã¯æ—¢ã«çµ‚äº†
Python_Serenity,1195549688834822144,PSG | Python Serenity Gaming
BallPython1207,824407559272484865,ãƒãƒŠãƒŠ@ãƒãƒŠãƒŠã®å®¶
Python1202,2456472787,Python
PythonSuit,1106826853489082368,ã±ã„ãã‚“ğŸ–ã™ãƒ¼ã¤ã€‚
icymi_py,1215334356367171585,Python posts you might have missed!
TalkPython,3098427092,Talk Python Podcast
realpython,745911914,Real Python
act_ik,2716558651,ã¨ãŸã‚“ğŸ“–ï½œé«˜å°‚å’ã®åœŸæœ¨ãƒ–ãƒ­ã‚¬ãƒ¼/pythonå‹‰å¼·ä¸­
sudo_python,477409558,é ˆè—¤
PythonWeekly,373620985,Python Weekly
BoaPythonQ,1245555800828825601,á¬
Python_Lamour14,1036266290036371456,ğŸã‹ã˜ã‚chanâ˜†
heku_777,1218509718005506048,ã¸ãğŸPython
PythonStack,1584340213,Python StackOverflow
IPythonDev,860076704,IPython Developers
watlablog,1113856550970384384,wat@Pythonãƒ–ãƒ­ã‚°
PythonManiaJP,130598794,PythonManiaJP
co0310python,4707803376,ã¿ã¤ã‚‹
YonZero3940,1302109974064029697,ã‚ˆã‚“ãœã‚ï¼ Pythonï¼†ãƒ‰ãƒ­ãƒ¼ãƒ³ğŸ”°
ruma123_color,140883283,ã‚‹ãƒ¼ã¾ğŸPythonã‚°ãƒŸè…å¥³å­ğŸ˜‡
44Python,1168989304003158016,ê¹€ë°”ë‚˜ë‚˜
Kings_Python,328934009,kings
TomoPython,1144571067261845504,ğŸãƒˆãƒ¢ hetReptilesğŸ¦
HedgehogPython,986492421079879680,aki.py@ğŸğŸ¦”
watashinagata,928930626123657216,ãƒŠã‚¬ã‚¿@212ä¸‡ã‚’Pythonè‡ªå‹•åŒ–ã§ç¨¼ããƒ‡ãƒ¼ã‚¿ã‚µã‚¤ã‚¨ãƒ³ãƒ†ã‚£ã‚¹ãƒˆ
funi401python,823882918279790592,ãµã«ãµã«
yoshipy10,1050869684768141312,æ¸…æ°´ç¾©å­ğŸ‰Udemyè¬›å¸«(Pythonãƒ»ã‚¹ã‚¯ãƒ¬ã‚¤ãƒ”ãƒ³ã‚°)
treyhunner,2326251343,Trey Hunner (Python trainer)
fullstackpython,2996502625,Full Stack Python
jinanbou519,1399234663315492864,ã‘ã‚‚ã‘ã‚‚ï¼ Pythonãƒ•ãƒªãƒ¼ãƒ©ãƒ³ã‚¹ãƒ»ãƒ—ãƒ­ã‚°ãƒ©ãƒãƒ¼13å¹´ç›®
minami_suiha,1127466584514019328,æ°´æ³¢ãƒ¦ã‚­ãƒ@å²¡å±±ï¼†Pythonå‹¢ï¼†ã”ã¡ã†ã•é›£æ°‘â˜•
mizuno_ibs,1129603602597552128,IBSã¿ãšã®@TOEIC/python/æŠ•è³‡/è²¡å‹™è«¸è¡¨ãƒ»ä¼šè¨ˆ/ç°¿è¨˜/çµ±è¨ˆ/å‰¯æ¥­å‹‰å¼·ä¸­
PythonSuppl,1342007838244139009,ã‚µãƒ—ãƒ¼ğŸ’›Pythonãƒ—ãƒ­ã‚°ãƒ©ãƒŸãƒ³ã‚° VTuber
nomiyaryo,2810386027,é‡å®®è«’@ï¾—ï½²ï¾„ï¾‰ï¾ï¾ï¾™ã§å§‹ã‚ã‚‹Pythonå…¥é–€ç™ºå£²ä¸­ã®ãƒ—ãƒ­ã‚°ãƒ©ãƒãƒ¼ğŸ‹
python_mllover,965799286117027841,ãƒŸãƒŠãƒ”ãƒ”ãƒ³
Colt357python15,3168699540,é£Ÿã¹æ­©ãé»’çŒ«ãã‚“ã®æ—…ç‰©èª
PythonHub,574827627,Python Hub
tryolabs,77909615,Tryolabs
PythonRyo,524424687,éšŠé•·
_ballPython,960826191811760128,"(â—â‰¼â—‰à¸·â‰½â—Ÿâ—à±ªâ—Ÿ,â—â‰¼â—‰à¸·â‰½â—Ÿ)"
ZFfIhvbJjKioTx8,920185655388356608,python.yuki
2929Python,998136482521956357,5G
yohei_Python,1199681786688622593,ã‚ˆã¸ã„@è²·å–ä»•äº‹ã‚’è‡ªå‹•åŒ–ã—ãŸé§†ã‘å‡ºã—ã‚¨ãƒ³ã‚¸ãƒ‹ã‚¢
bambi_engineer,1066323931450109953,é¹¿ã›ã‚“ã¹ã„ WITH A PYTHON
importpython,2835746784,import python ğŸ
PythonInsider,268974804,Python Insider
TsukasaEnjineer,1100241356641861632,ã¤@Pythonã‚¨ãƒ³ã‚¸ãƒ‹ã‚¢
Bashi_8484,1070671528025452545,ã‚ãŸã‚‹@Pythonã®äººğŸãƒ•ãƒªãƒ¼ãƒ©ãƒ³ã‚¹
RYUsoccer5,1717465188,@Pythonã‚¨ãƒ³ã‚¸ãƒ‹ã‚¢
10grup,379055491,ã™ã‘@Python Ã— ãƒ“ã‚¸ãƒã‚¹
sin_python27,1259317076700717056,éˆ´æœ¨ç´³ä»‹ğŸ¦¥ãƒŠãƒã‚±ãƒ¢ãƒè‡ªå‹•åŒ–ã§ä¸–ç•Œã‚’æ•‘ã†
getpy,457886651,"Ankur - Python Programming, Software Dev."
katakin_san,925485968,KATAKINï¼ˆPythonï¼‰
Python71022236,1146971994090397696,Pythonåˆå¿ƒè€…@ãƒ–ãƒ­ã‚¬ãƒ¼åˆå¿ƒè€…
python_javava,715094087804649472,ã ã„ã_23å’
rokehonpo,156965591,è€å®¶æœ¬èˆ—(@ä½•æ•…ã‹Pythonã‚’å‹‰å¼·ä¸­)
Python43071767,1352985878839259141,çŸ³é‡åšä¹‹@ã‚¨ãƒ³ã‚¸ãƒ‹ã‚¢ã‚’ç›®æŒ‡ã™æ–¹ã¸
procyon_light,813961000105824256,ãƒ—ãƒ­ã‚­ã‚ªãƒ³ğŸ€ğŸ’¡Pythonã§ã‚²ãƒ¼ãƒ ä½œã‚‹
mannzoooo,1151593141092274176,ã¾ã‚“ãš@Pythonã§è«¸ã€…ã®è‡ªå‹•åŒ–ã‚’æ¨¡ç´¢ä¸­
PythonLovesRat,921026435371823104,ã‚†ã‚‹ã®ã£ã½
SealLoad,1385977022820749312,ãƒ¦ã‚¦ï½œAWSãƒ»Pythonæ¨ã—ã®ç¤¾é•·
NamedPython,367071243,kk
FC_Python,939791611743137792,FC Python
hideaki_0329,2835487369,Hdak@Pythonå­¦ç¿’ä¸­
BILLIESMARKET,2995454718,Hiroshi Nishizawaã€‚è‡ªç„¶æ ½åŸ¹&Pythonã€‚
pythontrending,2445802928,Python Trending
pythonvscode,958940397996204032,Python Visual Studio Code
BeingHorizontal,1047181242007937024,Quant@Python
ka_ttoo,1460196802825957377,Kattoo @Pythonâ†’JavaScriptå­¦ç¿’ä¸­
python_spameggs,91365654,yy
Python03527374,1268825514141085696,Socios ã€Pythonè¬›åº§ã€‘in æœã®éƒ½
shibuya365,1126281063939039232,shibuya365@ç‹¬å­¦/React/Go/Python/Svelte
campython4d,1323746126374203392,ã‚ã¤ã—ã“@ã‚½ãƒ­ã‚­ãƒ£ãƒ³é¡˜æœ›ã€å­è‚²ã¦ä¸­ã€Pythonã€3D
Pysan_Python,1250529282197086209,Pyã•ã‚“@Pythonåˆå¿ƒè€…ã‚¨ãƒ³ã‚¸ãƒ‹ã‚¢
python_tip,827002120373207040,Daily Python Tip ğŸğŸ§
TK_Automation,3251726634,tk@Pythonãƒ¡ãƒ³ã‚¿ãƒªãƒ³ã‚°300åçªç ´ï¼
trapperworld000,3015271825,Pythonã«è¥²æ’ƒã•ã‚ŒãŸSilkeyã•ã‚“
Alrai_dev,947004990165360640,Alrai -ãˆã‚‹ã‚‰ã„ -@C#.Unity.PHP.Python
PythonMk20_jp,1269291687769075712,PythonMk20.jpãƒ•ã‚©ãƒ­ãƒ100
zawa43245509,979983635867553792,t-zawa@æ©Ÿæ¢°å­¦ç¿’ã‚¨ãƒ³ã‚¸ãƒ‹ã‚¢/Python/AWS/MLOps
pythonanywhere,284467345,PythonAnywhere
toyproApp,1307941781338640384,ãƒˆã‚¤ãƒ—ãƒ­@pythonãƒ—ãƒ­ã‚°ãƒ©ãƒŸãƒ³ã‚°
taxfree_python,918218749554999296,tax_free
_python3,1130487091400306690,c0degeek
python_btc_bot,1026067857392558080,ã²ã‚ã½ã‚“
PythonStartLab0,1181481110280163328,Start Labï½œPythonã‚ªãƒ³ãƒ©ã‚¤ãƒ³ã‚¹ã‚¯ãƒ¼ãƒ«å…¬å¼ï½œã‚¹ã‚¿ãƒ¼ãƒˆãƒ©ãƒœ
ryochin_develop,1364190909521219589,ã‚Šã‚‡ã†ã¡ã‚“ | Pythonã®ä½¿ã„æ‰‹
akr_suzuki,1280296589479706624,Akira Suzuki | Pythonã‚¨ãƒ³ã‚¸ãƒ‹ã‚¢âœ–ï¸ç±³å›½å…¬èªä¼šè¨ˆå£«åˆæ ¼âœ–ï¸çµŒå–¶è€…
MAYR_HABU,1049271133357240320,MAYR@PythonğŸï¼ãƒ–ãƒ­ã‚°ç™ºä¿¡ä¸­ğŸŒˆ
a_python_,361149439,ãƒ©ã‚°
aki_composite,2912459022,resonant@Pythonå‹‰å¼·ä¸­
hachi_python,1220689963919892482,ã¯ã¡@pythonã§æœˆ15ä¸‡ãƒãƒã‚¿ã‚¤ã‚º
Python2022,1408816825652047878,Pythonå­¦ç¿’ã‚µã‚¤ãƒˆ
Neziyama_uscpa,1132319115215945728,ãƒã‚¸å±±@Pythonå­¦ç¿’ä¸­
suu_jpn,1083729234797912064,ã™ã†ã•ã‚“ï¼ pythonå‹‰å¼·ä¸­
python_mattya,961779666498478080,ã•ã‹
_ball_python_,882668873819881472,ä¸–ç•Œã®ãƒˆãƒˆæ°ã€è›‡é‡ï¤©ã€‘
_Noitan,4886390112,NOIZEï¼ˆã®ã„ãŸã‚“ï¼‰#Python
Zarny_Python,3116816024,Pythonï¼ˆã‚¶ãƒ¼ãƒ‹ãƒ¼ã¨ã‚‚å‘¼ã°ã‚Œã¦ã¾ã™ï¼‰
y3701love,1178751623960518656,ã‚†ã‚ŠãƒãªğŸ‡Pythonã§ããªã„ãƒ¡ãƒ³ãƒ˜ãƒ©
yu_to_python,1178204803387650048,yuto
pythonttesugoi1,1294819742306320385,pythonã®ãƒ—ãƒ­ã‚°ãƒ©ãƒŸãƒ³ã‚°æ—¥è¨˜
python_sho,1095129816167211010,ã‚ã‚‹ã±ã‹
ball183python,2905945568,Shinya
lz0uKCuXetA2atX,1304597543892840448,ã¨ã‚‚ã‚„ã‚“@Pythonç¨ç†å£«(phase1)
TRS_BallPython,2835379440,TeresaBp
djangonia,1170202106176782336,é§†ã‘å‡ºã—ã‚¨ãƒ³ã‚¸ãƒ‹ã‚¢@Pythonæ¥µã‚ã‚‹
GET_WILD_PYTHON,1229635096065363968,á¶á¬á† á³á¥áá 
doone_mek,461721988,"ãƒ‰ã‚¥ãƒ³@Python, Ruby, GOå‚æˆ¦"
python77magnum,347142410,ãƒ‹ã‚·ã‚­ãƒã‚°ãƒŠãƒ @é·¹å…š
TM_Python996,1098727331349159937,ã±ã„ãã‚“ï¾•ï½³
Velt_Python,2832803568,ã‚¦ã‚§ãƒ«ãƒˆãƒ‘ã‚¤ã‚½ãƒ³
ta__shin,1074293982459392000,ãŸãƒ¼ã—ã‚“@Pythonå‰¯æ¥­
MiPython,1214089084961820672,å²¡å¤§ã«æ½œã‚€ã‚«ã‚¨ãƒ«
chann_python,852892175025045504,ã¡ã‚ƒã‚€@HTML/CSSã‚³ãƒ¼ãƒ‡ã‚£ãƒ³ã‚°ã‚„ã‚Šã¾ã™
kyota_python,1017730465111760898,@kyota_python
Y_Radiologist,1393724401997074433,Y_ç”»åƒè¨ºæ–­ã¨pythonå‹‰å¼·ä¸­
o66o7,1269139085987180545,ãƒ¢ãƒ’@Pythonã¨WEBãƒ‡ã‚¶ã‚¤ãƒ³å‹‰å¼·ä¸­
Python1892,1185860406733967360,ã´ã‚ˆãŸ@ã‚°ãƒ©ãƒ–ãƒ«ã€NFTã‚²ãƒ¼ãƒãƒ¼
Ayu_python,1227872564782854145,ã‚ã‚†
Mugi_Python224,1243463138852237312,ã‚¸ã‚§ãƒªãƒ‰ãƒ»ã‚µã‚¶ãƒ³ãƒ‰ãƒ©ğŸŒ·
PythonGB,580027432,Craig (Python)
esuke_python,1384743729727086597,ãˆã™ã‘ãƒ¼@Python
gadget_Imai,954149287864123392,aimai ã€SwiftUI/Python/phpã€‘
myafu_ragdoll,1139339047615123458,ã¿ã‚ƒãµã®Pythonãƒ—ãƒ­ã‚°ãƒ©ãƒŸãƒ³ã‚°è§£èª¬
PYTHON357RB,940952350264508418,PYTHON
SNooooPython,1173544319191400448,ç©ã‚„ã‹ãªå¿ƒã§ğŸ¥œ
_osamu_info_,1135846261033095169,ãŠã•ã‚€@Pythonã§Webã‚¢ãƒ—ãƒªé–‹ç™ºä¸­
gorilla_python,998843941309988864,ğŸğŸ¦ãƒœãƒ¼ãƒ«æƒãˆãŸãã¦ç‰ç”·ğŸŠğŸ¦
python_ist,718458823141273600,ãªã‚‹
ball_python777,976065795544440834,å¯„ç”Ÿè™«
kubokei0617,2439315230,æ™¯@Pythonå‹‰å¼·ä¸­ï¼
caldinagt,69572060,caldinagt@Python å®Ÿè·µãƒ‡ãƒ¼ã‚¿åˆ†æ100æœ¬ãƒãƒƒã‚¯ã€€88æœ¬ç›®ğŸ‘å®Œäº†ğŸ‘
souta_yugahu,1359315750285021187,MOSãƒã‚¹ã‚¿ãƒ¼çˆ½å¤ªâ˜…æ¬¡ã¯FEã¨Pythonã¨VBAãŒã‚“ã°ã‚‹
QSDeW4Dm9Qkywwt,828531346939076608,Python
PythonResponder,1115608242,Responder
PythonJones,320134516,Terry Jones
racotaro3,1366977333551194116,ãƒ©ã‚³ãŸã‚@æŠ•è³‡ã¨Notionã¨Pythonã¨
ShinYamamoto12,1268396575497154561,ã‚„ã¾ã—ã‚“@Python
nstakahiro,393906911,taka_hiro/è€äººçœ‹è­·æ•™å“¡/Pythonå­¦ç¿’ä¸­
hiroshi311,213999401,ã´ã‚ã—ãƒ¼@VBA&Pythonå‹‰å¼·ä¸­
Boa_Python37,1048952528073719810,å±±ãƒ€ãƒŒã‚­@ABO
suzukaze_py,1308350840655151105,SUZUKAZE@Pythonå‹‰å¼·ä¸­ï¼
tutinoko_Python,1181215259140378631,ã‚ˆã©ã¿@ãƒœãƒ¼ãƒ«ãƒ‘ã‚¤ã‚½ãƒ³ğŸÃ—5ï¼‹ãƒ‹ã‚·ã‚¢ãƒ•ğŸ¦Ã—2
Python55455260,1086566145002373121,Pythonç ”ç©¶å®¤@ç›¸äº’ãƒ•ã‚©ãƒ­ãƒ¼
kousakulog,1135567397224452096,å·¥ä½œãƒãƒ³@Swift/Pythonå‹‰å¼·ä¸­
xyz_python357,1106048205223915526,è–©æ‘© å­£æ¢¨å­
REDpapa_py,1367609122980438023,REDpapaã€ è³‡ç”£å½¢æˆï½¥PythonğŸã€‘çŸ¥ã‚‰ãšã«æã™ã‚‹ã“ã¨ã‚’ãªãã—ãŸã„â˜€ï¸
setsunaru_com,1147167721471131649,èª¬ä¹Ÿ@Pythonã§WEBã‚¢ãƒ—ãƒªåˆ¶ä½œä¸­
sXudTQdLp4K6GJK,909685196097601537,cobra@python
chan_kama0244,4340071812,ã¡ã‚ƒã‚“ã‹ã¾@Pythonã§å‰¯æ¥­ã™ã‚‹ä»‹è­·å£«
PleiadesShuichi,2283863485,ãã‚“ãã¾@Pythonå‹‰å¼·ä¸­
MieCFAlevel1,1169745704203325441,KT@ã¿ãˆCFALevel1 22å¹´8æœˆå—é¨“äºˆå®š&Pythonå­¦ç¿’(22å¹´ã€œ)&ã‚´ãƒ«ãƒ•ç·´ç¿’
Jun_python,946363887082881025,Jun@python Django
python1975,74331898,ãƒ’ãƒ­ã‚· ãã—ã¦ ãƒ’ãƒ­ã‚·
fam_python,1112010076494028800,ãƒ•ã‚¡ãƒ @Pythonã‚¨ãƒ³ã‚¸ãƒ‹ã‚¢ï¼†ãƒ–ãƒ­ã‚¬ãƒ¼
karo_python,1251642271780364288,ã‚«ãƒ­ãƒªãƒŠ
PythonRodriguez,1210679168658071552,.
PythonCarnival,1032514125824319488,Python Carnival
Python_Z_ROK,857010108252815360,ãƒ‘ã‚¤ã‚½ãƒ³ï¼º
_white_python,1244553388647313413,çœŸã£ç™½ã—ã‚ã™ã‘
marucirclethree,1252094327985074178,ã¾ã‚‹ã‚·ã‚«ã‚¯â˜€ï¸çµŒç†å¥³Pythonã«æŒ‘æˆ¦ä¸­â˜€â˜†FPâ˜†å®…å»ºâ˜†ç°¿è¨˜â˜†æŠ•è³‡
ginduca900fe,4650251336,Chonmage Python@å…ƒãƒ‰ã‚«ãƒŸã¡ã‚ƒã‚“
ptyanz,453530507,"Pã¡ã‚ƒã‚“ï¼ C#,JS(TS),Pythonãˆã‚“ã˜ã«ã‚"
KaoruwithPython,749984775473999874,KaeruwithM1911
IM042705271115,1323191489971695616,IMãã‚“@Pythonå‹‰å¼·ä¸­
PYTHON70226S,218035106,ã•ã¨ã¡ã‚ƒã‚“
python31369078,1257583968980840451,python
jun50_python,1141608325454241792,jun50@æ±æ–¹MMDerï¼Ÿ
xyz_colt_python,3302508084,ğŸ›«ğŸ‡¯ğŸ‡µğŸ›¬
yutaprog,1268099363848335362,yuta@ãƒ‡ã‚¤ãƒˆãƒ©Pythonã«ã‚³ãƒŸãƒƒãƒˆ
kisan_blog,1080220464872607746,ããƒ¼ã•ã‚“@ã‚¢ãƒ¡ãƒªã‚«é§åœ¨ãƒ–ãƒ­ã‚°/Pythonå‹‰å¼·ä¸­ğŸ‡ºğŸ‡¸
python38,243611447,python38
Famimachicken12,1355027349511651329,EverTech/ãƒ€ãƒ³ç®±_Python
Poitan_unyo,870085516074418176,Poitan@ãƒã‚¤ã‚¿ãƒ³@NGAS/VIX/CFD/EA/Python/Crypto
python_walker,3592752254,è‡ªç”±äºº
Hitoshi_Ish,75676783,Pythonã‚’ä½¿ã£ã¦æ ªã§å„²ã‘ã‚‹ã“ã¨ã‚’ç›®æŒ‡ã™ãŠã˜ã•ã‚“@tanudon
PythonBeautiful,1413427543785435142,ãã›ã´ã‚‡ã‚“ğŸ˜Šå¤§è¡†æ¼”åŠ‡LoveğŸ’•
mskr_python,1297851767317647360,ã­ãµã€‚ï¼ ç·‘ã‚³ãƒ¼ãƒ€ãƒ¼
ball_python123,1307906296327237632,ã¼ãƒ¼ã‚‹ã±ã„ãã‚“
coin_python,1252058886367936513,ã¿ã‚„ã£ã¡ | çˆ†é€Ÿå‡ºä¸–ã®é«˜å’ã‚¨ãƒ³ã‚¸ãƒ‹ã‚¢
python_357,17706406,masa
mugimugisukisuk,1115401780978835457,Python(ã‚€ã)ğŸŒ·ï¸
Rshigaming,1373110005235261446,ã‚ãƒ¼ã‚‹ã—@Pythonå¥½ããªäºº
araipython,1098929956283793408,python in è’äº•@ARIA
python_0403,779011311506034689,äº”æœˆé›¨ç´…è‘‰ğŸ
python3m,1376384604316200960,ç¤¾ä¼šäººã«ãªã‚Šãã‚Œãªã„æ•™å“¡
kudou32323,1012715610164289537,kudou#VBAã¨Pythonå‹‰å¼·ä¸­
Python392,1380772168309506049,Python
PythonLegends,905594900342648833,ãƒ‘ã‚¤ã‚½ãƒ³
python621,762134697073790976,ã‚ã‚„ã­
katochan0927,1137918213629415424,ã‹ã¨ã¡ã‚ƒã‚“ï¼ Pythonã‚¨ãƒ³ã‚¸ãƒ‹ã‚¢2å¹´ç”Ÿ
hayatasuuu,1162224112883814400,ã¯ã‚„ãŸã™ğŸ”ºPython&Crypto
KlPython,1202796948689805313,é¯–ã®å¡©ç„¼ã
CreamyPython,1159321700430782465,Creamy Python
dogface2016,704136984441331713,ã¼ã£ã¨ãã‚“ğŸ‡¯ğŸ‡µğŸ‡ºğŸ‡¸ | Pythonã§è«–æ–‡æƒ…å ±é…ä¿¡ä¸­
aibiautoblog1,1301222392459526145,aibiï½œPythonã§è‡ªå‹•åŒ–ã—ãŸã„äºº
true_fly1011,921338121379123200,ã¨ã‚Šã‚…ãµ@Python GCPãƒ‡ãƒ¼ã‚¿ã‚¨ãƒ³ã‚¸ãƒ‹ã‚¢
Python_3108,1222798515128037377,åœ°çƒæœ€å¾Œã®ã‚¢ã‚«ã‚¦ãƒ³ãƒˆ
tech_tsunacan,1325766325961023494,Pythonã‚’å­¦ã³å§‹ã‚ãŸãƒ´ã‚©ãƒ«ãƒ‡ãƒ¢ãƒ¼ãƒˆå¿
twitte_vegas,848482775707471872,@ã‚†ã¶ã‚ãƒ¼ã€€Pythonå‹‰å¼·ä¸­
yuu_Python,1131833036134277121,å„ªç¾½
python_0830,1314106403531845632,ä¸‹ç€ã®æ€ã„å‡º
mhPZPibVjOUsZaZ,1265238433716252673,Rubyï¼†PHPï¼†Python
python315mk,966514522058993664,ãƒ¤ã‚¯ã‚¶
Grilled_Python,755282308983246848,Pythonã®è’²ç„¼ã
pythonbrasil,62984618,Python Brasil
TryPython,1371788620009381892,TRY_PYTHON_TRY
masayukanai,1447821621637509125,ã¾ã•ã‚†ã‹ãªã„@è‡ªä½œã‚·ã‚¹ãƒˆãƒ¬ #Python
indepthMarkets,1196353684222795777,ã‚¸ã‚§ã‚¤ğŸ‡ºğŸ‡²Pythonã¨ç±³æ ªæŠ•è³‡
Uji_python77,961509144376221696,UJI
python_logax,992134064,ã›ã„ã
python_r35,1359097385217974277,ã±ã„ãã‚“
AsahiPython,1467323151659200512,asahi. ãƒœãƒ«ãƒ‘
kapibarasan0303,1118119522014130176,ã‚«ãƒ”ãƒãƒ©ï¼ ç±³å›½æ ª&python
dataaanal,1184629091984523265,ã‚ãªã‚‹ï¼ˆPythonã‚’ã‚„ã‚‹é§†ã‘å‡ºã—ãƒ‡ãƒ¼ã‚¿ã‚¢ãƒŠãƒªã‚¹ãƒˆï¼‰
shogoness,1310068511369125891,Shogo Saito | ãƒ—ãƒ­ã‚°ãƒ©ãƒŸãƒ³ã‚°Python ãƒ»Django
K20Wh,1395008773916221440,ã—ã‚‡ã†@pythonç‹¬å­¦è€…
python_NN_sato,85943384,ã±ã„ãã‚“
riiiku_Python,2507151979,ãªã‹ã†ã¡
ColtPython7,835711496009080832,ã®ã˜ã¾ ã‚ã™ãğŸ
python0566,1015038577170776064,Mutant0566
kankichi_python,1361691078630367234,ã‹ã‚“å‰å›
inasala_ai,1255608117380837376,inasalaï½œ#AIãƒ»Pythonå‹‰å¼·è¨˜éŒ² ã‚’ç™ºä¿¡
Python09010,2834226133,ã²ã‚ã‚
GINZO_Python,875910500348907520,ãã‚“ãã†
python_react,1348941218726572037,Railser
tactis_python,1259349880402673665,tactis @å¤§å­¦ç”ŸÃ—ãƒ—ãƒ­ã‚°ãƒ©ãƒŸãƒ³ã‚°å‹‰å¼·ä¸­
Python_Dope,780024128208187392,Cheng
hiru_lunch,1091761785328173056,ã²ã‚‹â†’ã‚‰ã‚“ã¡@æœ¬è³ªã‚’å¤§åˆ‡ã«WEBåˆ¶ä½œÃ—Pythonã§ãƒ‡ãƒ¼ã‚¿å‡¦ç†
cat2525nyaa,707857692405030912,ç•™ä¿ä¸­ï¼ Pythonãƒ—ãƒ­ã‚°ãƒ©ãƒŸãƒ³ã‚°
python85478103,1326071790905434112,ã‚ã‚“ã¡ã‚ƒã‚“ï¼ pythonå‹‰å¼·ä¸­
pythonpythonvba,1421278820250779649,ç†æ²™@VBAã¨Pythonå‹‰å¼·ä»²é–“å‹Ÿé›†ä¸­ï¼
dhazumi,111695732,æ¼«ç”»å®¶ã«ãªã‚ŠãŸã„ãŠã§ã‚“å±‹Pythonï¼‘å¹´ç”Ÿ
colt0215python,844367467057111040,ãµã‹ã²ã‚Œ
mishimapple,2860552272,ã¿ã£ã—ãƒ¼@Pythonå‹‰å¼·ä¸­
BLENDER0912,1410239515009064964,"blender,Python@åˆå¿ƒè€…"
2929python2929,1363403975370805253,ã”ã€‚
python__ennui,1236859667680116736,å¤‰æ¸©ã•ã‚“ã˜ã‚‡
yocchan031,1205843914172686336,ã‚†ã‚‹ã„ä½“è‚²ä¼šç³»å¥³å­@Pythonå‹‰å¼·ä¸­
n_nassy20,997351229008134145,nassy@Pythonã¨Azure
aknr_python,154848395,æ‚ªãƒ“ãƒ«â˜†ãƒ¡ã‚°ãƒ­K3
pien_p_,930018231573557248,ã‚ã‚ã‚“ãºã‚“ | Weåˆ¶ä½œã‚¨ãƒ³ã‚¸ãƒ‹ã‚¢Pythonå‹‰å¼·ä¸­
python357Hunter,1377769258839498754,AS
Python_Arai,1119572103643033601,"print(""ãƒ­ã‚±ãƒƒãƒˆæŠ€è¡“è€…ã§ã‚¨ãƒ³ã‚¸ãƒ‹ã‚¢ã®ã‚¡ãƒ©ã‚¤ã•ã‚“"")"
v8PS553MyDVkoWi,859976689392115712,Python
python7272,1389109364192026624,Naaatsu@ãƒ—ãƒ­ã‚°ãƒ©ãƒŸãƒ³ã‚°è¶…åˆå¿ƒè€…
PYTHON1229,590058570,$yo-hey!
tnkoriPython1,1335011615087816704,tnkori@Pythonå‹‰å¼·
python369,2849046188,ã±ã„ãã‚“.ã­ãƒ¼å­
studen_fp,1234666550851883008,Forte Python (FPå…¬å¼) ãƒ—ãƒ­ã‚°ãƒ©ãƒŸãƒ³ã‚°æ•™å®¤
TomoOne4,1235902728544464896,ã¨ã‚‚ã‚ã‚“ TomoOne | ãƒ–ãƒ­ã‚°ğŸ’»ã¨PythonğŸã¨ãƒãƒ¼ã‚±ğŸ‘¤
Ayu_programming,1227910754457645056,Pythonã‚³ãƒ¼ãƒã‚ã‚†
NoPython,1382878267955318784,python_no_test
python0418,309026555,ã®ãã¿ï¼ ğŸ’“ã‚ˆã‚Šã®ç®±æ¨ã—ğŸ’
P_PythonRecords,5762552,ãƒ”ãƒ¼ãƒ‘ã‚¤ã‚½ãƒ³ãƒ»ãƒ¬ã‚³ãƒ¼ã‚º
python56rh,1257881696763998209,ãŸãªã‹
incelmale,769595733058039808,PYTHON
integralsoftjp,1266903549444681728,YasuoMatsuokağŸPython
uwasanoaitsu910,2885080511,ã‚ªãƒ¼ãƒ”ãƒ¼ã¯Pythonã¨ãƒ–ãƒ­ã‚°ã®å‹‰å¼·ä¸­
python8000,913876101834797056,ã¾ãƒ¼ãã‚“@ã‚¬ã‚¸ã‚§ãƒƒãƒˆ
PythonDtctCrzy,1435497139866529799,Gâ€™day Mate
GkidsP,735006649224564737,Pythonã‚’å­¦ã¶ãªã‚‰PGKæ±Ÿå‚è±Šæ´¥æ ¡
LogYanagi,1327218668791492608,ãŸã³ğŸ¥Python ğŸŒ± blenderğŸ”°
colt_python357m,3968668814,ã‚¿ã‚¤ãƒ
Web60925381,1213454687095021569,ã²ã‚“ã¡ã‚ƒã‚“@Pythonï¼†ãƒ‡ãƒ¼ã‚¿åˆ†æå­¦ç¿’ä¸­
rin_aya6,866210280061018112,ayağŸºPythoné–‹ç™ºãªã†
python357_2,701730123779690496,ãƒ¦ã‚¦ã‚´ã‚¨â˜† ãªã‚“ã¨ã‹ç”Ÿãã¦ã‚‹ğŸ˜
kunogen,1319401636855336960,ã‚¯ãƒã‚²ãƒ³@40ä»£Pythonå‹‰å¼·ä¸­
hsumi0426,94284111,sumi | ãƒ•ãƒªãƒ¼ãƒ©ãƒ³ã‚¹ã‚¨ãƒ³ã‚¸ãƒ‹ã‚¢(Python)/ã‚ªãƒ³ãƒ©ã‚¤ãƒ³æ•°å­¦æ¥­å‹™/å‹•ç”»ç·¨é›†
ikechan_python,1270175505874956290,æ± ã¡ã‚ƒã‚“@å…ƒç†ç§‘å¤§ãƒ—ãƒ­ã‚°ãƒ©ãƒãƒ¼
rxf7oqjSU4v473O,1014670254490804224,æ‚Ÿ@Pythonæ•™ã‚ã‚ŠãŸã„
python8810,416686763,ãƒãƒ¤ãƒˆ
xxCalamity_Jane,840341564782125056,å·³ã€‚ï¼ Pythonï¼Djangoå‹‰å¼·ä¸­
chiharunakada,1213813650609201152,ã¬ã¬ã¬ã‚ /Python&YouTubeãƒ¡ãƒ¢
python_copped,968153882156126208,ã«ã‚TIT
PythonTANAKA_,1244157760133976065,ç”°ä¸­
cuisine_python,1177738799327002624,ã‚„ã¾ã•ã‚“@pythonå‹‰å¼·ä¸­
mira_python,861798541085130752,M1r4g3@ã‚»ã‚­ãƒ¥ãƒªãƒ†ã‚£å¼•é€€ã—ãŸ
say_kanikama,1180089739451367424,pythoné ‘å¼µã£ã¦ã‚‹å­¦ç”Ÿã§ã™ã€‚
Python29026618,1457167472524918784,ãƒ–ãƒƒã‚·ãƒ¥@ãƒ—ãƒ­ã‚°ãƒ©ãƒãƒ¼ Pythonå‹‰å¼·ä¸­â€¼ï¸ è‡ªåˆ†ãŒæ¬²ã—ã„ã‚²ãƒ¼ãƒ ã‚„ã‚¢ãƒ—ãƒªã€ãƒ„ãƒ¼ãƒ«ã‚’ä½œã‚ŠãŸã„ï¼
masa_kakaroto,142322460,Masa@æœ€è¿‘ã¯pythonã¨goä¸­å¿ƒ
python05238919,1391696176500547584,ã‚·ãƒ¥ãƒ¬ãƒ‡
Aruckychi,1348084702146568193,æ­©å‰ï¼ Pythonï¼†çµ±è¨ˆå­¦
python_muzui,800819973279006724,cocu
Python_regius01,2812835376,ãã„ã‚/ç—©ã›ãŸã„æ°—æŒã¡ã¯ä¸€äººå‰
Hari_track,1312746920469700608,Hari@çµ±è¨ˆæ¤œå®š&Pythonå­¦ç¿’ä¸­
jcjcyama,1169539632779812864,ITåˆå¿ƒè€…SkoğŸ”°Python&ãƒ‡ãƒ¼ã‚¿ãƒ¢ãƒ‡ãƒ«å‹‰å¼·ä¸­â˜†ã¿ã‚“ãªã§Haluã‚’é–‹ç™ºä¸­ğŸŒ¸
python_Reality,1439453971622481920,ä¾æ¾„ çƒ‹è‡´å(ã„ãšã¿ ãã¡ãª)
kazvnoko,1344640985016401923,ã‹ãšã®ã“ï¼ ã‚­ãƒ©ã‚­ãƒ©çµ„ã¿è¾¼ã¿ã‚¨ãƒ³ã‚¸ãƒ‹ã‚¢ | Pythonã‚’å­¦ã¶
Python_Razhyx,1055481049340305408,æœˆå5ä¸‡å††ã«ãªã‚‹äºˆå®šã®äºº
PhantomPython,1177209190982406144,KyoZo
tak_python,1083340826,TAKï¼ pythonå‹‰å¼·ä¸­
web_create_yuki,314330543,ã‚†ãƒ¼ã@Pythonå‹‰å¼·ä¸­ AI+WEBã‚¢ãƒ—ãƒªå®Ÿç¾ã—ãŸã„ ãƒã‚¤ãƒ†ã‚£ãƒ–ã‚¢ãƒ—ãƒªã‚‚â€¦
PYTHON47198212,1128996921597542401,PYTHON
PythonSy4,1071700933396979712,ã¾ã“
python87665485,1162955622855217154,ãŸã‹@ãƒ—ãƒ­ã‚°ãƒ©ãƒŸãƒ³ã‚°ã‚¢ã‚«ã‚¦ãƒ³ãƒˆ
Python43005892,1336650092460212224,å‰¯æ¥­ã™ã‚‹ç†Š@ã‚¢ãƒ€ãƒ«ãƒˆã‚¢ãƒ•ã‚£ãƒªã‚¨ã‚¤ãƒˆ
python0920,1338038377275224064,Python0920
ai_RU_ao_coco,1059369115482091520,ai-RU(ã‚ã„ã‚‹)ãƒ•ã‚©ãƒ­ãƒ100âœ¨LINEã‚¹ã‚¿ãƒ³ãƒ—è²©å£²ä¸­âœ¨Pythonå‹‰å¼·ä¸­âœ¨
heian_python,2919813914,heyK
python52101031,1075038588629381120,ãŸã‚ã™
3CnWOc8wU360ghz,1415456004582477824,å’Œå±± Python/Javascriptå‹‰å¼·ä¸­
tanhoiza1503,1245133738687651840,ãŸã‚“ã»ã„ã–ï¼Pythonå‹‰å¼·ä¸­ï¼å­¦ã³ãªãŠã—å®Ÿé¨“
pythoninfo,2446488684,python-master
DaisukeUM,214540904,Daisuke@Python AI å‹‰å¼·ä¸­
taida_python,952701222015807488,ã‚³ãƒªPy@Python Code Recipe
mochi706,261267481,ã‚‚ã¡ï¼ Pythonå­¦ç¿’é–‹å§‹
Python_Kotlin,1389014118913376256,ãƒ‘ã‚¤ã‚½ãƒ³ç´é‡Œ
python0023,1332640326981357568,ã™ã¿ã£ã‚³ãã‚‰ã—ã‚°ãƒƒã‚ºã‚’ã²ãŸã™ã‚‰ç´¹ä»‹ï¼
Hiro98507244,1345983931795980288,Pythonã¨ãƒ‡ãƒ¼ã‚¿åˆ†æå‹‰å¼·ä¸­
python50392904,1072481095462019072,ã©ã‚“ã¹ãƒ¼
nishiki_python,1069934640134184960,ï½µï½¼ï¾ï½»ï¾å¥½ããŠã˜ã•ã‚“@ã«ã—ã
reuvenmlerner,24949956,"Reuven M. Lerner, Python trainer"
sakuramochi_365,1325429610004148224,Air@Pythonå‹‰å¼·ä¸­
satoshi28030166,1201157754464768000,satoshi@Python
shino_ben,1389837971684159488,shinoï¼ Progateã§Pythonå­¦ç¿’ä¸­
ShuheiTakeuchi,1443353268466290689,PythonãŒå¥½ããªæ­¦å†…
ysPYTHON,1147189900514455552,ãƒ¨ãƒƒã‚·ãƒ¼ ã‚µãƒã‚²ãƒ¼ãƒãƒ¼å…¼å·¥ä½œå…„è²´ã€€ã‚µãƒã‚²è‡ªç²›ä¸­
hololive_Python,1381342195920166916,ãã“ã‚‰è¾ºã«ã„ã‚‹è›‡ğŸ¦‹ğŸ£@ãƒŸãƒ¥ãƒ¼ãƒˆæ¨å¥¨
ta______km,1387553715410800644,Pythonã‚’å­¦ã¶äºº
PythonIreland,21097510,Python Ireland
InvestorVet_,1405877820421644291,George.I@GASã€Pythonå‹‰å¼·ä¸­
Ata8P,1088045049722486785,ãƒ†ãƒ«ãƒ¤@Python tech-commitãƒ¡ãƒ³ãƒãƒ¼
Colt_Python_6,802552566798118912,ãƒŸãƒ‹
runyanta1mea,831327447186493440,ãƒªãƒ¥ã‚¦/ã‚‹ã„ã‚‹ã„@DQ10/python
maomao_python,1263446537847189504,maomao
python_512,3835346233,ã”ã‚“
Asuka_Pure,1181174682,ã˜ã‚…ã‚“â™«disneyâ™¡PHPã€Pythonå‹‰å¼·ä¸­
kawada_satoshi,1220304522972499969,ã¤ã‚‹ã¨ã‚“ãŸã‚“@Pythonå¤§å¥½ãâ¤ï¸
python_bike,1423971911571173383,ã±ã„ãã‚“â™«ALPINEâ™¬
ysugimura_it,199573492,ã™ãã‚€ã‚‰ã‚ˆã—ã²ã“@Pythonæœ¬250å††ã§è²©å£²ä¸­
Daigo_python,1287036194866356226,ã‚†ã†@
_Yuto_tennis,832800633631576065,é‡ï¨‘å‹‡æ¸¡@ç­‹ãƒˆãƒ¬ã¨Python
impress83695200,1152931399030038529,å±±å£D #python
okiya_paison,750233955010359296,Python
occupation_jp,1066290743038238720,ã¨ã‚Š/ Python
python_nakamura,2832424908,ã‚¿ãƒ«ãƒ¢ä¸­æ‘
game_pczuki,1353683457776394240,ãƒ‘ã‚½ã‚³ãƒ³å¥½ã ì»´í“¨í„° ì¢‹ì•„ I æˆ‘å–œæ¬¢ç”µè„‘ æˆ‘å–œæ­¡é›»è…¦@Pythonå­¦ç¿’ä¸­
pypi,909754784705597441,Python Package Index
taizo_python,1147827179301904384,ãŸã„ããƒ¼@pythonåˆå¿ƒè€…
rikurouu,2397468360,ã‚Šãã‚ã† / Blender &Pythonç·´ç¿’ã—ã¾ã™ï¼
BASHOW_Python,1307370389194993664,BASHOW@æ¥½å¤©çµŒæ¸ˆåœãƒ»æŠ•è³‡
info_stapy,1208932453751984128,Start Python Club
paipai_python,1278658188334690304,ãã£ã¡ãƒ¼
ASAP13220817,1330687062182219776,AS-AP@ãƒã‚¹ãƒšæŒã¡SE + Pythonã§è‡ªå‹•åŒ–
NailistYu_5,1465854804627161088,Pythonå‹‰å¼·ä¸­ğŸme_ro
PythonR4,1354860187618664449,ã‚ã‹ã‚Šã¡ã‚ƒã‚“@çµ±è¨ˆã€Pythonã€Rã€é™¢è©¦ã€çµ±è¨ˆæ¤œå®š2ç´š
python357_0,3146517378,PYTHON357ğŸ¦ˆ
python_kumaneko,1393448253711028226,ãã¾ã­ã“@Pythonå‹‰å¼·ä¸­
rusher_kasou,951034270755078144,ã‚‰ã£ã—ã‚ƒï½@python2å¹´ç”Ÿ(1å¹´ç”Ÿ)
Ryo_Python357,976418716664528896,å†´ç¾½ ç 
rizin_python1,1121084925619261440,âš ï¸FXãƒ¯ãƒ³ãƒˆãƒ¬100ä¸‡ç¨¼ãŒãªã„ã¨SNSæ­»ã¬äººâš ï¸
takuma000333666,946016220142190592,ãŸãã¾@pythonåˆå¿ƒè€…
narakenmin825,1447817677838307332,ãƒ¬ãƒ³ã‚³ãƒ³@Java/Pythonå‹‰å¼·ä¸­
AJGWT6,1110694987107172352,python C++ Java
micropython,2201055433,MicroPython
planetpython,73946259,Planet Python
seiilych,3224735288,python
pythonbytes,793685808645451776,Python Bytes Podcast
PythonMaps,1349110409215795204,Python Maps
bostonpython,191696307,Boston Python
PythonJr_nagisa,1447782412012822528,ãƒ‘ã‚¤ã‚½ãƒ³ã®æ¯å­
python_engineer,1124273786893864960,Patrick Loeber
mtlpy,21758480,MontrÃ©al-Python
ps_python,2922453853,PuPPy
nycpython,31762262,NYC Python
PyGhana,904032941663297537,Python Ghana î¨€
PythonWithRune,1263177420934459396,Learn Python With Rune
pythonbot_,726709023563747328,Python Flux
id_python,340272277,Python Indonesia
pythonquotes,28932876,Monty Python
dcpython,292924011,DC Python
WWCodePython,1097627506633592833,WWCode Python
aruurara,63162710,ã‚ã‚‹ã†ã‚‰ã‚‰
Py_ART,1005521132,Python ARM Radar TK
pyconsk,3339117243,SPy - Slovak Python
py_data_sci,1288754505211883521,Python for Data Science
PyBCN,1128961014,Python Barcelona
python29501,1715497633,Python Rules
teach_python,2478867785,Meg Ray ğŸ³ï¸â€ğŸŒˆ
PythonSelkan,2929678780,PythonSelkan
cool_python,3065738848,Cool Python
SanDiegoPython,38196305,San Diego Python
Hiroyan_python,953993444099219456,ãƒ’ãƒ­ãƒ¤ãƒ³@webã‚¨ãƒ³ã‚¸ãƒ‹ã‚¢
__mahime,2841072266,ãƒã‚¤ãƒğŸ¥šğŸŒğŸ@python
JustGlowing,231008798,Just Glowing Python
PythonKC,301848515,PythonKC
PythonOrgGr,74885931,Python.org.gr
pythontrader999,1338871716760580096,PythonTrader (Not a Python Coder)
GeoPythonConf,3559287257,GeoPythonConf
PythonKhaleesi,2955712581,Cynthia Mulenga
PythonSV,386982931,Python SV e.V.
PythonHPC,353145715,PyHPC
yoshiki_python,1227963934495268864,yoshiki
mousevspython,201877042,Mouse Vs Python
lpyug,157756696,Leipzig Python UG
PythonPr,855384627975831553,Python Programming
PythonForensics,2377552566,Python Forensics
pdxpython,15293193,Portland Python UG
python__tut,733599640294064132,Python Tutorials
ShinagawaJP,967719352932843521,ã«ã‚ƒã‚“ã“ãã°ğŸŒ¤ï¸ãƒ‡ãƒ¼ã‚¿å¯è¦–åŒ–
WhiteBallPython,1091710497550872576,å¹¸é‹ã®ç™½è›‡ãƒ»ãƒšãƒ«ãƒ«
ChicagoPython,4145734157,ChiPy
PythonSvt,1200126158613835776,python_svt
PythonLibHunt,775715782495989761,Python LibHunt
Sac_Py,1248440345056051201,Sacramento Python
northbaypython,866714773727072256,North Bay Python
PythonMorsels,957073877787529217,Python Morsels
The_Python_DEV,1103099761660432385,The Python Dev
fluentpython,2828344441,Fluent Python
CircuitPython,811605410293645313,CircuitPython
matcha003,734927521498554368,æŠ¹èŒ¶
ldnpydojo,482169721,London Python Dojo
FinancePython,869202156435505152,Finance and Python
PythonTrader,259071243,"Christopher Cain, CMT"
chalmer_lowe,1270136126,Dark Lord of Python ğŸ’œ ğŸ
PythonCalcs,275354907,Python on Calculators
PythonNamibia,2824379958,Python Namibia
python_master,948140346,ã‚«ãƒ¢ãƒŸãƒ¼ãƒ«
Python_Dv,743780794997547008,Python Developer
teachingpython,1066332011579756544,Teaching Python Podcast
PythonChat,720003716544204800,Python Chat
PT4VS,254219744,Python Tools for VS
pythoncanarias,3311855783,Python Canarias
PythonNigeria,804047392895025152,Python Nigeria
python_es,259624663,Python EspaÃ±a
pythonpeople,404063219,Python People
MonkPython,920786641467277312,Monk Python~~
PythonGhana,234460969,Python Ghana
pysal_devs,1151174285735559168,The Python Spatial Analysis Library (PySAL)
pyacademy,327974166,Python Academy
geospatial_py,1257688410099245063,Geospatial Python
natoinet,14883397,Antoine Brunel ğŸ Python SEO
Ru_no4,135845271,é»„ç‡â˜¢ï¸
Pyth0nCSGO,1109532711679639552,Python Royal
PythonDiscord,1055466731156725762,Python Discord
0caOxJFPXs5rZIU,1440292018077397008,ç·´ç¿’(çµµã¨ã‹pythonã¨ã‹ç·´ç¿’ä¸­ã§ã™)
d658t,77474849,å¤§ç¿”å£«
Monty5Python,425044402,ã˜ã‚„ã«
codigosbostas,415929494,CÃ³digos bostas em Python
AstroPython,33727504,Astronomical Python
pythoncricket,1474401211,Python Cricket
KillingPython,77788610,JodyWithTheGoodHair
Python4Fun,353172269,Programming for Fun
aran_ai_python,1178255539605651456,ARAN@DSï¼ˆä»®ï¼‰
ThePythonQuant,1237313316,The Python Quant
ohayou_ikechan,106112962,ã„ã‘ã¡ã‚ƒã‚“
rolypolyistaken,331107386,"python rolypoly.py --cherchez ""sa reine"""
pysheff,227076752,Python Sheffield
MemphisPython,403485204,Memphis Python
apyb,24734527,AssociaÃ§Ã£o Python Br
MoniPython,128457075,CASH MONI
pythoncookbook,3608565616,Python Cookbook
pygraz,195824866,Python UG Graz
tekitoeditor,27821522,æ¾æœ¬é¦™ç¹”ï¼ˆkaori matsumotoï¼‰
PythonCambridge,1145371205966454784,Cambridge Python
python33r,119661442,Nick
PythonPixels,2925127393,Lo
python_volca,842040998,Python Volca
cassiopeia101,223227442,ball python morphs
pythonide,148415863,Wing Python IDE
PythonEvents,2297865451,Python Events
argenpython,1895737279,Argentina en Python
pythonnw,2254827541,Python Northwest
2014Python,2864339114,Python
baypiggies,14709979,Bay Area Python
PyBerlinPython,1073330379728277504,PyBerlin
AfriPy,893221348532670464,Python Africa
PythonJamaica,3226324613,PythonJamaica
PythonHindi,191471072,Python Hindi
Deepak_python,1279336059348717568,Deepak
hackfolio,971400815331115013,Python3 ğŸ
geologynpython,879384282707480578,Geology and Python
nocontextmonty,995344974895108096,it's monty python out of context
Anitlunia,21894548,ğŸPython RegOxğŸ
Python_xyz,911979451,ãƒ‘ã‚¤ã‚½ãƒ³å›
Newt_python,1070138523557089280,ã‚ã‚‹ã³é‡ã°ã¿ç”·@å†¬ãƒ¬ãƒ—å‚åŠ 
ottawapython,1063544898,Ottawa Python
elsdoerfer,16151062,PythonMetaclass
PythonBeginner4,920134617780375552,Python for Beginners
mochi_python,1338826614163922946,ã‚ªãƒ‘ãƒå¤§çµ±é ˜
ponytail0808,3019481142,éŸ¿PğŸŒ²@pythonå‹‰å¼·ä¸­
pythonpizzaconf,1018927580731322370,Python Pizza
socalpython,104917099,SoCal Python
python_madrid,281083384,Python Madrid
Python_quiz,1405780199292260353,Python
PythonArsenal,2834941024,PythonArsenal
hydPython,890454679926087680,Hyderabad Python User Group
PythonExpertBot,1151494493054484481,Python Expert
GrahammorbyDev,1193361068,Graham ğŸ Python ğŸ¤˜ğŸ» Javascript
PythonFinland,301292837,Python Finland
PythonPillow,2807377021,Python Pillow
python9876,365353164,IFDOCO
VeritySpott,30656894,ğŸ¦‹ğŸ›DogsğŸ•·ï¸ğŸ²PythonğŸğŸŒ
PhillyPythonWS,312791763,PhillyPythonWorkshop
WYPython,333312251,WYPy
pythonmexico,44251487,Python Mexico
takeshi353535,1378985484609744898,ãŸã‘ã—@Pythonæ¥µã‚ã‚‹çŒ—çª©åº§
russferriday,30473046,Russ Ferriday - Consultant: Python/Django/Ops/CTO
PythonFOSDEM,988584625,PythonFOSDEM 2021
pugpe,158434598,PUG-PE / Python User Group PE
ipython_,1292207229421129731,iPython ğŸ¤©ğŸ’»â€ Ø¨Ø§ÙŠØ«ÙˆÙ†
ironpython,15066550,IronPython Team
PythonChapman,1014674665661435904,Graham Chapman
PythonDZN,830260212,python
AMontyPython,26543172,Matt W
tsjshg,121719659,è¾»çœŸå¾
PythonDesignsHD,786676710217510912,Python
AfrykanBwoi,3086348314,Python
ntakahashi0505,1007789916,ã‚¿ã‚«ãƒã‚·ãƒãƒªã‚¢ã‚­#ãƒãƒ³ãƒ—ãƒ­å”ä¼šç«‹ã¡ä¸Šã’ã¾ã—ãŸ
tripython,46147702,TriPython
pydatasci,3884265193,Python Data Science
pythonph,1283041062,PythonPH
357python_Joe,1136926981,âˆtoshi
ymori_tw,56754577,ymori
ColombiaPython,796401265794281472,Python Colombia
HCJPython,594972076,HC Jobs - Python
PyPerugia,183262263,Python User Group PG
python_0909,886922587082678273,ã±ã„ãã‚“
endless_kopi,1100944945253244928,ã´ãˆã‚“ç³»Pythonã‚¨ãƒ³ã‚¸ãƒ‹ã‚¢ã®ãƒ€ã‚¤ã‚­@ç›¸äº’ãƒ•ã‚©ãƒ­ãƒ¼
WobblyPython,921220605482897408,WobblyPython @ MAGfest
realmrpython,1462122443078840323,MrPython
Python_Blue,3209935565,Python Blue
python4finance,769550321551048704,python4finance
AfroPython,992911186499919872,AfroPython
TBurmesepython,1097648812284350464,Nicola â€œthe Burmese Pythonâ€ ğŸ‡²ğŸ‡²ğŸ‡¬ğŸ‡§
pythonquants,2291644742,The Python Quants
cocoatomo,7590702,tomoğŸ§@learning
pysthlm,337745623,Python Stockholm
RedditPython,1849184514,/r/Python Popular
shanti_python13,346778668,ShantiğŸ‡¯ğŸ‡²ğŸ‡®ğŸ‡¸ (me vs. me)ğŸ
Aliyuu_Umar,924053260272635905,Pythonâšª
OKCpython,2546812544,OKC Python
Python36710403,992336694572560385,MaT@æ–°è¦äº‹æ¥­ä¼ç”»
801YutaKa108,1170857825813221376,YutaKa@ç§‘å­¦è¨ˆç®—ãƒ—ãƒ­ã‚°ãƒ©ãƒãƒ¼
PythonCentral,447840446,Python Central
felipedemorais_,45474716,FeliPythonğŸ Vacinado 3/3ğŸ’‰ğŸŠEle/He/Elle #Lula2022
alvinpat6,1106126387616706561,Bisayang_bigaon
pythonglasgow,958205864,Python Glasgow
Python66492677,4872293053,Python
atsuoishimoto,14082185,Atsuo Ishimoto
PythonNordeste,1118184163,PyNE 2022 ğŸ
matty_python,130174627,Matt Fehr
PyBerlin,1092894944,Python Users Berlin
PythonToronto,633427329,Python Toronto
shimizukawa,57373656,Takayuki Shimizukawa
PythonHackers,1558464379,Python Lovers
PythonLycee,1223338616677638144,python-lycÃ©e
Python_Primer,520215398,Martin Whittington
Bermes_Python,146714701,Matt Bermes
Leo_Livs,78495615,Python Dev
PythonSM,1014220138760097792,.
1990sPythonUser,277576227,You know me.
pydigest,2552250270,Python Digest
PythonCapital,1421722591732015104,PYTHON CAPITAL
HMRS_Python,3340720743,Python
PythnFN,1399045820633210888,Python
pykd,315905652,Python + WinDbg
_whitecat_22,1329642301774123008,ã—ã‚ï½œè›‡é£ã„ã«ãªã£ãŸãƒã‚³ğŸ±
pythonjob,987552336,Python Jobs
The_python_dev_,2762867463,Godspower Eze ğŸ‡³ğŸ‡¬
kimuraan_python,566325837,ã‹ã„ã¨ã€‚
pythonX_world,1419226759380099073,python-X
py3k,628760113,Python 3
stoicb1tch,1261303251372257280,Minah is Learning Python ğŸ
mne_python,1037695123,MNE Python
python_self,1323909895284875264,hamada@åºƒå‘Šé‹ç”¨è€…
PythonCarpet,1188478730261262336,ã¯ã‚“ã°ãƒ¼ã
awpug,238574499,Austin Web Python
quippdPython,25536732,quippd Python News
oss_py,260474707,Python OSS
Mahalanobisss,1082017017127874560,"ã¾ã¯ã‚‰ã€€ã®ã³ã™ã€€python,AI,æ©Ÿæ¢°å­¦ç¿’,çµ±è¨ˆ,éã‚¨ãƒ³ã‚¸ãƒ‹ã‚¢ãƒ“ã‚¸ãƒã‚¹ãƒãƒ³"
python_72,1325002222648713217,ã±ã„ãã‚“ã£ï¼
pythondaymx,838141145360318464,PythonDay MÃ©xico 2019
AMIT861986,2241803323,PythonSays....
ratpython,1184484799,rat python
pyjobo,160213403,Python Jobs Board
python_vlc,2218436407,Python Valencia
python_sevilla,927231044,python_sevilla
PyconTanzania,1174809934728507398,Python Conference Tanzania
PixyPython,1462360045937737728,PixyPython
python_football,4656966377,Python Football
menow_white,23461259,ã‚ã®ã™ã•ã‚“
andrepython,493368851,Andre Python
python_vigo,2949999796,Python Vigo
hsvpy,571270084,Huntsville Python Users Group
pythonbogota,3422045453,Python BogotÃ¡
SpatialPython,62102780,GeospatialPython.com
everes,6216952,ãƒ„ãƒ¦ã‚­ãƒã‚³ãƒˆ ğŸ¤‘ğŸ¶ğŸ¥ƒğŸ·ğŸœğŸğŸ£ğŸ„â€â™‚ï¸ğŸ›¹ğŸ“¸ğŸ˜˜
LaurencePython,56314153,Python L Descorps
PythonRoboto,1371551211351121920,Python Roboto
itsumooyasumi,312079956,Tatsuhiro_Watanabe
Projects_007,1293934698578804741,ğŸ Python Projects ğŸ
Python_Prop,181590538,Python Properties
PythonArgentina,507712834,Python Argentina
python_granada,3239033147,Python Granada
CognitionXl,719924939835449344,Python
biotite_python,933981641260847106,Biotite
python_tips,106151810,Python Tips
mayumiasugawa,1911792978,æ˜å·çœŸå¼“/Mayumi-Asugawa@ã‚³ãƒŸãƒ†ã‚£ã‚¢è¾é€€
pythonwebconf,1309508787460550656,2022 Python Web Conference
PythxnKun,1302687643,ğŸPythonğŸ
PythonMilano,3813527902,PyMI - Python Milano
PythonCowboy,1177584300734238725,Tapper Mike
shun_tanak,601489668,ç”°ä¸­ä¿Šè¼” / Shunsuke Tanaka
powerfulpython,748257686601424897,Powerful Python
joeydonttweet_,868866392,ğŸ python ğŸ
ps4_calbee,2463892480,Python
gojo_u,90810543,gojo(äº”æ¡)
grupysp,3293411793,Grupo Python SP
EmDashPython,19844449,Chuck E. â€”ğŸ + ğŸ’‰ğŸ’‰ğŸ’‰ = ğŸ˜
python_alc,793460684164136961,Python Alicante
pyunconf,2545547343,Python Unconference
PythonYokohama,1390992349753270273,Yokohama Python
LearnPython4U,920134629465772037,Learn Python
Usurping_Python,54946579,Naresh
justmrmendez,941788064757755909,Mr. Mendez Python is king ğŸ‘‘
pythonaberdeen,2791689351,Python Aberdeen
oxfordpython,210018131,Oxford Python
shuheinr,14977114,éˆ´æœ¨è„©å¹³
pythoninastro,1206669911357042689,Python in Astronomy
NYCPythonMeetup,1074800060,NYC Python
maddy_python,797771442465210368,Maddy
tai_python,1092053155854966785,ã¡ãƒ¼
6925u,193354761,Radio Python Shortwave
poststop,59614683,#freelancer #oracle #sql #python #minibarnking
lamagadepython,1401679409111650307,La Maga de Python
upyopyoPython,1012888952351555584,ã†ã´ã‚‡
pythonchiledev,1291786403483996163,Python Chile
rg3915,216910281,Regis do Python
gubhela91,1379206107449659399,Python_Mumbo
clcoding,1322566336367636482,Python Coding
CorePython,699421547216379904,PythonğŸğŸ’
py_hawaii,3181468500,Python Hawaii
PythonNews365,791374759028199424,Python News
campython,3497145924,Cambridge Python
londonpython,30709104,London Python
mintyfloors,1456699343742722048,Minty Python {AOP} ğŸ¦ ğŸ± ğŸ¦– ğŸ³
ThePythonHunter,340464253,Greg Graziani
python_fun,17187718,python_fun
opug,15109589,Orlando Python UG
PythonParaguay,3073333384,Python Paraguay ğŸğŸ‡µğŸ‡¾
PythonStatus,1547101849,Python Status
pythonism,35385856,python ism
EmilyPython,529565743,Emily Python
pythoNCSGOD,1265869271210565632,pythoN
puttapy,1213060651268001792,NFT_python
python_131,948177122291535873,Python
AeroPython,3690085097,AeroPython
fabrice_python,19198234,Fabrice PythonDuMont
jkanakanji85,738943108193222657,æƒ…å ± Python
python_ar,1112846231603175436,Ù…Ø¬ØªÙ…Ø¹ Ø¨Ø§ÙŠØ«ÙˆÙ† Ø§Ù„Ø¹Ø±Ø¨ÙŠ ğŸ
AsaMonty23,71907139,Monty Python
PythonGameDev,850642134621446144,Python Game Dev
python_stripes,1099094911494836234,Egocentric ğŸº
monaka_Python,1343736162628694016,ã‚‚ãªã‹ğŸš¥æ¥­å‹™åŠ¹ç‡åŒ–ã‚¢ãƒ‰ãƒã‚¤ã‚¶ãƒ¼@Python
MITTI12101,1007233064571768832,MITTI
Python_himself,1165156431298875392,å®ˆè°·
PythonNorthEast,718008594,Python North East
python_trade,2814580236,Python Trade
PyBoys_,79391557,Python Machine Learning
CuratedPython,850481834324623361,Curated Python
DonDonThePython,624560913,donnie.
pythonmurcia,1284420859583705089,Python Murcia
PythonXrobot,2461411434,PythonX
PythonMG,590303680,Python Minas Gerais
namaikiboy,97415074,namaiki boy
D50vsColtPython,887658671475273729,kleesugaãƒ„
soh_______,1080988448364711937,ãã†@Pythonï¼†crypto
surabayapy,764314922511589376,Python Surabaya
hrs_sano645,108818130,Hiroshi Sano
chait_patil,972645151385538561,"Chaitanya Patil (Speed16.com, Vedic Maths, Python)"
MondyAlonso,278142185,Mondy Alonso (Sir Python)
PythonMafia_,1160196894670409728,Max Livingston ğŸ…
PythonNewsread,886608290712629248,Python News
PythonColombia,602240715,PythonColombia
ComfortablyE,1004882307478503424,Montyy_python
pghpy,142719144,Pittsburgh Python
PythonSarah,875300553915592704,Sarah.py ğŸ
PyPrinciples,1077580284873375744,Python Principles
VesnaPython,119915036,Vesna Labovic Python
07ruka,129775441,riku@Pythonå‹‰å¼·ä¸­
ua_python,32356213,UA Python
pymty,891575402,Python Monterrey
Programa_Python,758223797015154689,ProgramaciÃ³n Python
PythonSul,845610076341764097,Python Sul
ianmonty1998,631393620,Monty Python
PyPodcast,1118001732083011585,âš¡ Profitable Python ğŸ
python_money,1267385452711096321,money python
ActionPython,1328695413185146881,Python-Duvernois en action !
pykampala,822036906582179842,Python Kampala
mckee1243,838773125173014528,ãƒãƒƒã‚­ãƒ¼
CobolPython,450692826,JumoÂ®
pymugdotcom,1028715592188977152,Python Mauritius UserGroup
ryu22e,10098472,Ryuji Tsutsui
pyjobs,29342322,Python Jobs
U2_programming,1257668071902208002,U10@Pythonãƒãƒ‹ã‚¢ï¼†Toeic875
PythonGossip,2318609408,Python Gossip
yukarin33,289775417,ã‚†ã‹ã‚Šã‚“
inovizz,109288014,Sanchit Balchandani | Hiring Python Devs
UniswapPython,1397527663871500289,uniswap-python
incelelgort,1067935541776257024,Monty Hall Python
itsMoNiQu3,219019370,MonTea Python ğŸ§œğŸ¾â€â™€ï¸ğŸ‘©ğŸ¾â€ğŸ’»âœ¨
GlittyTitty,2285235889,Minty Python
PontiusPython,23849326,CTarkes
PythonLoop,849702478732042240,PythonLoop
hankagosa,980724858,Kentaro Matsuura
py4lifesci,4121461167,Python for the Life Sciences
PythonPandas,963904933811707915,Python Pandas
MonarkEmPython,1208996665601994752,â™šMonark em Python
BchGrovePython,999055409829867520,The Beech Grove Python
InspiredPython,1418138741751832577,Inspired Python
PythonPowerHaus,1241430748730621954,ğ ğ„ ğ‘ ğ’ ğˆ ğ€
kikagaku_inc,806118363025940480,æ ªå¼ä¼šç¤¾ã‚­ã‚«ã‚¬ã‚¯
tdualdir,3182508300,tdual(ãƒ†ã‚£ãƒ¼ãƒ‡ãƒ¥ã‚¢ãƒ«)@MatrixFlow
orangain,44352445,ã‹ã¨
PythonCara,1412584371270344706,CaraThePython
Linus_MK,128578237,ãƒ©ã‚¤ãƒŠã‚¹
PythonAccra,947657855838060544,Python Accra
virtual_techX,952004195497816064,ä»®æƒ³ã‚µãƒ¼ãƒ•ã‚¡ãƒ¼@ã‚¨ãƒ³ã‚¸ãƒ‹ã‚¢
PythonFrr,1388942124943560716,Python
Python_00,421431976,Python
fawcetts_python,58451555,Brenda L
Python_News,1290619852051238912,Python News
FabiennePython,2336804502,Python Fabienne
PythonBobClark,78012872,Bob Clark
ThePythonDaily,1406476634039848960,Python Daily
pythonguides,1246772437150093313,Python Guides
IPv6_Python,2255936744,Gregory Wendel
PythonWrld,1455504352047730689,PythonWrld ğŸ’«
PythonPune,3877830794,PythonPune
cgpython,1220371644557848576,CG Python
PseudoPython,1330155358229319686,Python
Python_Express,3131609806,Luigi Tambini
PythonValentine,1196874787878031368,Valentine Python ğŸŒ
RitterCritterTW,3024561114,python
PythonFacts,946695340517969920,Python code and tips
cellhaver,1123680716368297990,sam going âœˆï¸ machine learning
SsecarThePython,1070425405339787265,âœ¨ğŸğŸ’œSsecar The Snek MumğŸ’œğŸâœ¨
Ki11eRPythoN15,425478817,Python ğŸª
pythoncamp,240152204,PythonCamp DE
PythonHR,2366089848,Python Hrvatska
pythonibadan,925126137994514432,Python Ibadan
python_cnft_dev,1441025642892513281,CNFT_Dev
python_michael,825764396454510597,PYTHONISM
PythonTheDon,36223923,Python The Don
sakastudio_,3277085383,å‚ã™ãŸã˜ãŠ/sakastudio @å·¥æ¥­ã‚²ãƒ¼ã€Œmoorestechã€é–‹ç™ºä¸­
exc_hack,1263410958099050497,ã‚¨ã‚¯ã‚»ãƒ«ãƒãƒƒã‚¯ï½œç¤¾ä¼šäººã®ä»•äº‹è¡“
_Goddess_xx,1366392485455540224,Python gripâ›“
HypnoticPython,1361989931632107523,Kaa
PythonTutorial2,978650740339167233,Python Tutorial
PythonCameroun,1197288492205821952,Python Cameroun
MoniBPython,949971398,Monika Bartels
python_import,1122572153507860481,Python 101
kouic_t,6607142,tamtam
SandtonPython,539171943,SandtonPython
python_717,3355716785,Python_717
goabroad01,1039577556,æ©Ÿæ¢°å­¦ç¿’ã‚¢ãƒ‰ãƒ†ãƒƒã‚¯
ThePythonCode1,1159421015778349056,The Python Code
elm200,5953542,Eiji Sakai
PY_PlainEnglish,1348201426271535104,Python in Plain English
instockexnet,795252141489201155,ã¿ã‚‰ã„ã‚ã›ã£ã¨@æ±åŒ—æŠ•ä¿¡ğŸ‡¨ğŸ‡¦ğŸŒ´ğŸ‡¹ğŸ‡­ğŸ¤
takuji1_nomura,2886809466,ã‚ªãƒ—ã‚·ãƒ§ãƒ³å¤§å¥½ãï¼ˆå…ˆç‰©ãƒŸãƒ‹2æšã‚’æ¥½ã—ã‚€ä¼šã®ä¼šé•·ï¼‰ï¼‰
pakchi20,303824602,ã€Šæš´é£Ÿã€‹ãƒã‚¬ãƒãƒŸã‚¨ãƒ³ã‚¸ãƒ‹ã‚¢ã®ç‡»è£½
steave_e,1277570747196563456,ã‚¹ãƒ†ã‚£ãƒ¼ãƒ–@Amazonç‰¹åŒ–
FlaskPython,1196875899414761472,Flask Python
genpython,1183014838114639872,python
EsePython,562582175,Python The Biggshot
LostJoshPython,324201966,Josh Python
Pythonidae,42546582,Python Hyena Gilbert
ariegueisvoice,834486557352591370,â—ˆï¹Pythonï¹â—ˆ
thoton9,18924321,Thoton Akimoto 2022
PythonTorino,988696909341773824,Python Torino
moni_python,58674197,Monica Snyder
ham_panther,608463797,business python
PyCruise,3257026102,Python on a Boat!
Captainabbah06,1255941572925014016,PYTHON_16ğŸ’¯ğŸ’ªğŸ’ªğŸ’ª
ijiVFX,58069449,UnlimitedEffectWorks
exeter_python,849186398611656704,Python Exeter
math_gif,778040088118726656,æ•°å­¦GIFç”»åƒbot
python_sudeste,781320792499978240,Python Sudeste
Python_PodCAST,3085131892,Python en espaÃ±ol
iltownkyd,266122510,python
BallPythonShed,834933562579292161,Ball Python Shed
PythonMist,879851022700736516,Ù‹
python_IT_jobs,2653603423,Python Jobs
PythonTrends,1302188921594544128,PythonTrends
BurmesePython_,419251476,burmesepython
soheiyagi,127388684,soheiyagiï¼ Djangoãƒãƒ¥ãƒ¼ãƒˆãƒªã‚¢ãƒ«ãƒãƒ³ã‚ºã‚ªãƒ³é–‹å‚¬ä¸­
yama_engineer,1063251039883681792,yama@é–‹ç™ºã‚¨ãƒ³ã‚¸ãƒ‹ã‚¢
R_PythonTips,987443923130966016,R and Python Tips
acotie,7105642,Akiko Yokoyama
hanaken_n,171895963,èŠ±ç”°è³¢äºº / Liaro Inc. CEO
PhyscoPython,1005541565333491712,Python
PythonAG,891732148910256128,PyTHoN
marvin_nz,1201254166837940225,Python WebDev and Muckraking - Pureblood ğŸº
DogNamedPython,1240791237642186752,Pamela
matsutoushi,952859178665521153,matsutoğŸŒ¤ï¸
yutazack,59976756,é›„å¤§(ã‚¶ãƒƒã‚¯)@å­è‚²ã¦ï¼†æµ·å¤–ç ‚æ¼ ã‚’èµ°ã‚‹äºº
PythonHo,947666949709991936,"Python User Group in Ho, Volta"
pythoncapecoast,947664212654018561,Python Cape Coast
GrowthHackingEU,1345350500,Python & SEO
KylePython,2997958565,Kyle Python î¨€
RipLegacyPython,3631405094,Legacy Python
sugyan,15081480,ã™ãã‚ƒãƒ¼ã‚“ğŸ’¯
sys_tradingtech,1076848296,ã‚¯ã‚ªãƒ³ã¨ãƒˆãƒ¬ãƒ¼ãƒ€ãƒ¼
keito_oz,102267347,æ¯›ç³¸@åšå£«èª²ç¨‹
ErtingPython,2683233494,Alex E-H
pythonadelaide,852691149080846336,Python Adelaide
pycameroon,920243666437804034,python cameroon
ChermesePython,1143339776,Jeff Chermely
python1317,334020651,Mithrandirâ˜˜ï¸
pythonconverter,874914549002121216,Python Converter
qtPython,1255169450757758976,DanielğŸ–¤ğŸ¦‹
Python2018,938210667848486912,ğŸ‡ºğŸ‡¸PYTHONâ„¢ï¸
cpp_take,1123585826623868934,ã—ãƒãŸã‘
SIG49san,1623258937,ã—ãã•ã‚“
PythonLover9,1373639093821710352,The Art Of Coding
spamalotoz,1185753663471374336,Monty Pythonâ€™s Spamalot
pythonpro22,1455567168603451400,ğŸ™‹ Python Professor
OmahaPython,977652606796476417,Omaha's Python Users Group
MphuloThePython,2541208163,MJONADO
FresnoPython,3384323417,fresno.py ğŸ
Python4s6,2865964723,python_4S6ğŸ‡­ğŸ‡¹ğŸ‡­ğŸ‡¹ğŸ‡­ğŸ‡¹
Python1941,2739562850,Lazy Dragon ğŸ’¤
jgomp24,1360639116,Ver$ace Python
Moreliapython,382411190,Morelia Python Radio
pythonedinburgh,176738104,Python Edinburgh
satully,15479633,Naoyuki Yamada
PunkishPython,798374627961671680,Toby Maxwell
PythonPowergirl,1437649690561032192,á´˜Êá´›Êœá´É´ á´˜á´á´¡á´‡Ê€Êœá´á´œêœ±á´‡ â•“ É´á´á´› @á´˜á´‡Ê€êœ±Éªá´€á´¡á´¡á´‡ â•–
pythonverdun,770768852548521985,Python De Verdun ğŸ
PythonTutorBot,1287083911433072640,Python Tutor Bot
KingPython69,1096095550431285249,Daemon
python189,2155014330,python
technohippy,3382331,ANDO Yasushi
TchPython,1343335690671710208,ğ–˜ğ–ğ–Šğ–‘
UncreatedPython,2328870833,UncreatedPython
basuke,3538081,Basuke
pythoNNNNNNNN,1164710643187867648,python
PythonMLConf,1224843547385454595,Python Machine Learning Conference
ksmb_ksrp,112371247,KSRIP@ãƒ„ãƒãƒã‚³
psf_snake,70669207,The PSF Python
RticulatdPython,2327370235,Articulated Python
qtpyth,1052989748397174784,Python
SyndicatePython,1137978440957775872,Python Syndicate
GiantPython3088,935839502991441920,Benedict Tryingtobenicer
ShyonThePython,96049470,shyon emami
DataSciencePY,1112175138844409856,Learn Data Engineering / DataScience Python
pythoncurtuss,1263778247864705024,drunk python
bitpython,768122873798098944,BitPython
PythonDevelope4,1137020077616709634,Python Developer
PythonSpokane,2813772721,Python Spokane
okachan_nem,880134331355742208,ã‚³ãƒ­ã‚¤
squallcraft,74282258,Squallcraft - Learning Python
Teruo_Ito,115698049,ã„ã¨ã†ã¦ã‚‹ãŠ
tmiyama,89182376,Toru Miyama
kudopixel,53928716,ãã©
tatsushim,79472821,ãŸã¤ã—ã‚€ï¼ˆå³¶ç”° é”æœ— / Tatsuro Shimadaï¼‰
hiraitoyokazu,192525387,HIRAI ToyokazuğŸ‡¨ğŸ‡¦
ryoma0613,2391881821,äº€äº•
donkeys__ears,135532699,ãƒ­ãƒ
najeira,72210151,najeira
vanpyday,1922520818,Vancouver Python Day
python_a_day,1453601801203159042,Python Question A Day
cocodrips,373204785,ããƒ¼ã‚€@( oï½¥Ï‰ï½¥)ï¾‰Mediapipeã—ã‚‡ãã«ã‚“
finance_python,1191035602063544323,python.finance
you0708,80026002,NAKATSURU You
Python1980,590119909,Mike Phythian
cpp_akira,14191747,Akira Takahashi
Mist_E,85881557,ãƒŸã‚¹ãƒ†ã‚£ãƒ¼
KegPython,165696578,Christian Proctor
datuxfayron,1112630280810979328,python
psi_ni_phi,1391782405,ã‚·ãƒ¥ãƒ¬ãƒ¼ãƒ‡ã‚£ãƒ³ã‚¬ãƒ¼ğŸˆã‚¢ãƒã‚¿ãƒ¼å¤§æ”¹ä¿®ä¸­ï¼ğŸ’–
IsaacNakamura,308510321,ã‚ã„ã•ã(Isaac)@åŒ»ç™‚ç³»ãƒ‡ãƒ¼ã‚¿ã‚µã‚¤ã‚¨ãƒ³ãƒ†ã‚£ã‚¹ãƒˆğŸ‡ºğŸ‡¸ã‚¢ãƒ¡ãƒªã‚«åœ¨ä½
mamesiva64,15978783,ã™ã— ğŸ¦™â‚â‚
gothedistance,9599522,ã”ã–ãƒ‘ã‚¤ã‚»ãƒ³
Hey_icchiman,1067466216,"_.hey(â›©ã„ã£ã¡ãƒãƒ³â›©,ğŸ¯)"
fumarion0114,69364724,ãƒ•ãƒ¼ãƒ
mkennedy,12953262,Michael Kennedy
pythonperu,66569002,Python PerÃº
py4res,1106856566119170048,Python for Researchers
pythonpiura,761023547552567298,Python Piura
peytierae,846235550,Python
aPythonTutorial,737774815113666561,Python Tutorial
TurkiyePython,1404520257209913346,Python TÃ¼rkiye
3Python,2949585067,ä»•ç½®å±‹ å¸‚æ¾ (é›¶)
manabuP,105191710,ã‚«ãƒ ã‚³ãƒ¼
pyporto,834313858441437184,Python Porto
taigodaisuki,817206937691385857,ã‚¿ã‚¤èªå¤§å¥½ã
pythonminna,1003280790443216897,Python Minna Meetup
MallorcaPython,1194690241459892224,MallorcaPython
DavidArcher65,910922039061618688,MicroCrusher/Archer's Python Lab
pythondevz,742202603887419392,Python Developers
AvadhootSutar,828506988854259712,Python guy
pyeventsourcing,1221753825989734400,Event Sourcing in Python
itohironet,799895522,ã„ã¨ã‚‰ãƒ¼@ã›ã©ã‚ŠğŸ”¥
peptan_room,567277577,ãºã·ãŸã‚“ï¼ æ¥½å¤©ROOM Sãƒ©ãƒ³ã‚¯ ãŠå¾—Ã—ãƒã‚¤æ´»Ã—SE
practice_python,770040188437487616,Practice Python
Haveagood_J,3529967355,They Call Me Python
pymatgen,972709868850225152,Python Materials Genomics
MaartyPython,2961158602,Maarty Python
Python_desde_0,801724434956582913,Python desde cero
codesimple1,1184823453225897985,Python coders
thepythontutorz,844028146454335488,The Python Tutorial
pitt_the_python,722549700629565441,Mohamed Benazza
TNG_PythonX,1350398641689812992,TNG | PythonX
minami_kikukawa,40660943,å²¡ç”°å¤ªä¸€
kazukichi_0914,26953336,kazukichi_0914@GooglePlayã‚´ãƒ¼ãƒ«ãƒ‰ã‚¨ã‚­ã‚¹ãƒ‘ãƒ¼ãƒˆ
Python0715,1409698659713765384,Python
PythonUbuntu,1336930487932215299,Pathyon
FanMonty,3926615915,Monty Python Fan ğŸ’™ #FBPE
pyecuador,951978011955482624,Python Ecuador
hirax,11900602,Jun Hirabayashi (å¹³æ— ç´”)
guilhemju,2451592021,Python. ğŸ— ğŸ’”
pbpython,1306357722531663872,Practical Business Python
PythonGirona,905677536490868736,Python Girona
pythonsummit,3662072362,Swiss Python Summit
Terox3,960131199682449408,#Python
ArcadeLibrary,1185245430508130304,Python Arcade Library
ElChicoDePython,230463662,Sam ğŸ‘¨ğŸ»â€ğŸ’»
_ayafuji_,53352238,ğ™–ğ™®ğ™–ğ™›ğ™ªğ™Ÿğ™
EffectivePython,2584350980,Effective Python
PythonBotFE,1446242734495391747,Python
Madame_Python,1241365453689282560,Madame Python
PythonKanpur,905014136194654208,KanpurPython
t0rry_,780677824847892480,ã¨ ã‚ŠğŸ”
kabanyasu,153933346,KBã«ã‚ƒã™ï¼ˆã‹ã°ã«ã‚ƒã™ï¼‰@ITç›£æŸ»
PythonDev4U,844827763785707520,Python Developer
PythonFramework,1189543124558704640,framework
rento83,60964992,Rento
CharmAndVenom,1243612613042372609,ï¼°ï½™ï½”ï½ˆï½ï½ï¼
PythonPanama,1099310984001437697,Python PanamÃ¡ ğŸ‡µğŸ‡¦
hirohiro_0000,4343823132,ãƒ’ãƒ­
MyCodeIsThis,781231522015801344,Luis MÃ¡rquez - Hi Mr. Python ğŸ
